1;инфо;гайд;;что такое
2;инфо;гайд;;что это
3;инфо;новости;;подробности
4;инфо;новости;;информация
5;новости;;;новости
6;новости;;;последние новости
7;новости;;;2018
8;новости;;;новости 2018
9;мероприятие;;;участники
10;мероприятие;;;когда
11;мероприятие;;;где
12;мероприятие;;;где и когда
13;гайд;;;как правильно
14;гайд;;;гайд
15;гайд;;;как лучше
16;гайд;;;обучение
17;товар;;;заказать
18;товар;;;недорого
19;товар;;;доступно
20;товар;;;дешево
21;товар;;;заказ
22;товар;;;сколько стоит
23;товар;;;цена
24;товар;;;стоимость
